"ID_0","ISO","NAME_0","ID_1","NAME_1","ID_2","NAME_2","TYPE_2","ENGTYPE_2","NL_NAME_2","VARNAME_2","Shape_Length","Shape_Area"
49,"CHN","China","1","Anhui","1","Anqing","DÃ¬jÃ­shÃ¬","Prefecture City","å®‰åº†å¸‚","Ä€nqÃ¬ng",6.75958021850432,1.44944236137965
49,"CHN","China","1","Anhui","10","Huainan","DÃ¬jÃ­shÃ¬","Prefecture City","æ·®å—å¸‚","HuÃ¡inÃ¡n",2.50861772427314,0.204395065418791
49,"CHN","China","1","Anhui","11","Huangshan","DÃ¬jÃ­shÃ¬","Prefecture City","é»„å±±å¸‚","HuÃ¡ngshÄn",5.80505210399879,0.909386192994125
49,"CHN","China","1","Anhui","12","Lu'an","DÃ¬jÃ­shÃ¬","Prefecture City","å…­å®‰å¸‚","LÃ¹'Än",8.35919983380632,1.75092240314549
49,"CHN","China","1","Anhui","13","Ma'anshan","DÃ¬jÃ­shÃ¬","Prefecture City","é©¬éžå±±å¸‚","MÇŽ'ÄnshÄn",1.97778702708937,0.169813243162943
49,"CHN","China","1","Anhui","14","Suzhou","DÃ¬jÃ­shÃ¬","Prefecture City","å®¿å·žå¸‚","SÃ¹zhÅu",7.80711784083563,0.974237674730827
49,"CHN","China","1","Anhui","15","Tongling","DÃ¬jÃ­shÃ¬","Prefecture City","é“œé™µå¸‚","TÃ³nglÃ­ng",1.51765622351686,0.0977809643300038
49,"CHN","China","1","Anhui","16","Wuhu","DÃ¬jÃ­shÃ¬","Prefecture City","èŠœæ¹–å¸‚","WÃºhÃº",3.55297912317312,0.311280696783803
49,"CHN","China","1","Anhui","17","Xuancheng","DÃ¬jÃ­shÃ¬","Prefecture City","å®£åŸŽå¸‚","XuÄnchÃ©ng",6.82411281221134,1.15701288873246
49,"CHN","China","1","Anhui","2","Bengbu","DÃ¬jÃ­shÃ¬","Prefecture City","èšŒåŸ å¸‚","BÃ¨ngbÃ¹",4.52321568718548,0.570317057790818
49,"CHN","China","1","Anhui","3","Bozhou","DÃ¬jÃ­shÃ¬","Prefecture City","äº³å·žå¸‚","BÃ³zhÅu",5.32334079466331,0.833037247037284
49,"CHN","China","1","Anhui","4","Chaohu","DÃ¬jÃ­shÃ¬","Prefecture City","å·¢æ¹–å¸‚","ChÃ¡ohÃº",4.86572689126701,0.895554060763957
49,"CHN","China","1","Anhui","5","Chizhou","DÃ¬jÃ­shÃ¬","Prefecture City","æ± å·žå¸‚","ChÃ­zhÅu",5.45163151182193,0.79353684464876
49,"CHN","China","1","Anhui","6","Chuzhou","DÃ¬jÃ­shÃ¬","Prefecture City","æ»å·žå¸‚","ChÃºzhÅu",8.292946199538,1.30251474273245
49,"CHN","China","1","Anhui","7","Fuyang","DÃ¬jÃ­shÃ¬","Prefecture City","é˜œé˜³å¸‚","FÃ¹yÃ¡ng",6.60483141696698,0.97318935809021
49,"CHN","China","1","Anhui","8","Hefei","DÃ¬jÃ­shÃ¬","Prefecture City","åˆè‚¥å¸‚","HÃ©fÃ©i",4.96093504694558,0.714430631349367
49,"CHN","China","1","Anhui","9","Huaibei","DÃ¬jÃ­shÃ¬","Prefecture City","æ·®åŒ—å¸‚","HuÃ¡ibÄ›i",2.95116004836107,0.261888164110124
49,"CHN","China","10","Hebei","100","Zhangjiakou","DÃ¬jÃ­shÃ¬","Prefecture City","å¼ å®¶å£å¸‚","ZhÄngjiÄkÇ’u",12.7069788891769,3.92088162580325
49,"CHN","China","10","Hebei","90","Baoding","DÃ¬jÃ­shÃ¬","Prefecture City","ä¿å®šå¸‚","BÇŽodÃ¬ng",8.68037867087563,2.31956957232616
49,"CHN","China","10","Hebei","91","Cangzhou","DÃ¬jÃ­shÃ¬","Prefecture City","æ²§å·žå¸‚","CÄngzhÅu",8.28280356034901,1.46174470645199
49,"CHN","China","10","Hebei","92","Chengde","DÃ¬jÃ­shÃ¬","Prefecture City","æ‰¿å¾·å¸‚","ChÃ©ngdÃ©",13.8689997614334,4.24881453640408
49,"CHN","China","10","Hebei","93","Handan","DÃ¬jÃ­shÃ¬","Prefecture City","é‚¯éƒ¸å¸‚","HÃ¡ndÄn",6.55735118100251,1.21361741716103
49,"CHN","China","10","Hebei","94","Hengshui","DÃ¬jÃ­shÃ¬","Prefecture City","è¡¡æ°´å¸‚","HÃ©ngshuÇ",5.6757714920474,0.903154405314152
49,"CHN","China","10","Hebei","95","Langfang","DÃ¬jÃ­shÃ¬","Prefecture City","å»ŠåŠå¸‚","LÃ¡ngfÃ¡ng",6.27697309432901,0.667687440713008
49,"CHN","China","10","Hebei","96","Qinhuangdao","DÃ¬jÃ­shÃ¬","Prefecture City","ç§¦çš‡å²›å¸‚","QÃ­nhuÃ¡ngdÇŽo",5.53692784891748,0.820913054529217
49,"CHN","China","10","Hebei","97","Shijiazhuang","DÃ¬jÃ­shÃ¬","Prefecture City","çŸ³å®¶åº„å¸‚","ShÃ­jiÄzhuÄng",6.60510751834686,1.4444231735542
49,"CHN","China","10","Hebei","98","Tangshan","DÃ¬jÃ­shÃ¬","Prefecture City","å”å±±å¸‚","TÃ¡ngshÄn",8.18491112465823,1.39639235629877
49,"CHN","China","10","Hebei","99","Xingtai","DÃ¬jÃ­shÃ¬","Prefecture City","é‚¢å°å¸‚","XÃ­ngtÃ¡i",6.14516141990994,1.26630134980951
49,"CHN","China","11","Heilongjiang","101","Daqing","DÃ¬jÃ­shÃ¬","Prefecture City","å¤§åº†å¸‚","DÃ qÃ¬ng",11.1936847992763,2.41965659195556
49,"CHN","China","11","Heilongjiang","102","Daxing'anling","DÃ¬qu","Prefecture","å¤§å…´å®‰å²­åœ°åŒº","DÃ xÄ«ng'ÄnlÇng",20.2876219282013,8.53615535885913
49,"CHN","China","11","Heilongjiang","103","Harbin","DÃ¬jÃ­shÃ¬","Prefecture City","å“ˆå°”æ»¨å¸‚","HÄ'Ä›rbÄ«n",16.914694346557,6.15348629762594
49,"CHN","China","11","Heilongjiang","104","Hegang","DÃ¬jÃ­shÃ¬","Prefecture City","é¹¤å²—å¸‚","HÃ¨gÇŽng",9.28707410866626,1.71775789620008
49,"CHN","China","11","Heilongjiang","105","Heihe","DÃ¬jÃ­shÃ¬","Prefecture City","é»‘æ²³å¸‚","HÄ“ihÃ©",19.6294197669756,8.25904584597449
49,"CHN","China","11","Heilongjiang","106","Jiamusi","DÃ¬jÃ­shÃ¬","Prefecture City","ä½³æœ¨æ–¯å¸‚","JiÄmÃ¹sÄ«",19.2257311788166,3.7874332106149
49,"CHN","China","11","Heilongjiang","107","Jixi","DÃ¬jÃ­shÃ¬","Prefecture City","é¸¡è¥¿å¸‚","JÄ«xÄ«",12.5982706077509,2.9124831153604
49,"CHN","China","11","Heilongjiang","108","Mudanjiang","DÃ¬jÃ­shÃ¬","Prefecture City","ç‰¡ä¸¹æ±Ÿå¸‚","MÇ”dÄnjiÄng",13.3980924014357,4.38424579388804
49,"CHN","China","11","Heilongjiang","109","Qiqihar","DÃ¬jÃ­shÃ¬","Prefecture City","é½é½å“ˆå°”å¸‚","QÃ­qÃ­hÄ'Ä›r",17.6353569111397,5.05885356321232
49,"CHN","China","11","Heilongjiang","110","Qitaihe","DÃ¬jÃ­shÃ¬","Prefecture City","ä¸ƒå°æ²³å¸‚","QÄ«tÃ¡ihÃ©",4.99189899555389,0.619716142362469
49,"CHN","China","11","Heilongjiang","111","Shuangyashan","DÃ¬jÃ­shÃ¬","Prefecture City","åŒé¸­å±±å¸‚","ShuÄngyÄshÄn",12.9468716098731,2.71555487313886
49,"CHN","China","11","Heilongjiang","112","Suihua","DÃ¬jÃ­shÃ¬","Prefecture City","ç»¥åŒ–å¸‚","SuÃ­huÃ ",15.44092232714,4.17435500676218
49,"CHN","China","11","Heilongjiang","113","Yichun","DÃ¬jÃ­shÃ¬","Prefecture City","ä¼Šæ˜¥å¸‚","YÄ«chÅ«n",15.0430605407819,3.95987343553858
49,"CHN","China","12","Henan","114","Anyang","DÃ¬jÃ­shÃ¬","Prefecture City","å®‰é˜³å¸‚","Ä€nyÃ¡ng",6.85831939060141,0.726443654581092
49,"CHN","China","12","Henan","115","Hebi","DÃ¬jÃ­shÃ¬","Prefecture City","é¹¤å£å¸‚","HÃ¨bÃ¬",2.73895357977012,0.214507914846763
49,"CHN","China","12","Henan","116","Jiaozuo","DÃ¬jÃ­shÃ¬","Prefecture City","ç„¦ä½œå¸‚","JiÄozuÃ²",3.225977681495,0.415695278439683
49,"CHN","China","12","Henan","117","Jiyuan shi","DÃ¬jÃ­shÃ¬","Prefecture City","æµŽæºå¸‚","JÇyuÃ¡n",2.15592841073581,0.187111708757606
49,"CHN","China","12","Henan","118","Kaifeng","DÃ¬jÃ­shÃ¬","Prefecture City","å¼€å°å¸‚","KÄifÄ“ng",4.92070079279065,0.614873709637311
49,"CHN","China","12","Henan","119","Luohe","DÃ¬jÃ­shÃ¬","Prefecture City","æ¼¯æ²³å¸‚","LuÃ²hÃ©",2.997877213647,0.257162784982938
49,"CHN","China","12","Henan","120","Luoyang","DÃ¬jÃ­shÃ¬","Prefecture City","æ´›é˜³å¸‚","LuÃ²yÃ¡ng",7.17355378505993,1.47352588853398
49,"CHN","China","12","Henan","121","Nanyang","DÃ¬jÃ­shÃ¬","Prefecture City","å—é˜³å¸‚","NÃ¡nyÃ¡ng",9.9353953309005,2.56330184136461
49,"CHN","China","12","Henan","122","Pingdingshan","DÃ¬jÃ­shÃ¬","Prefecture City","å¹³é¡¶å±±å¸‚","PÃ­ngdÇngshÄn",5.50641948353989,0.767135978938288
49,"CHN","China","12","Henan","123","Puyang","DÃ¬jÃ­shÃ¬","Prefecture City","æ¿®é˜³å¸‚","PÃºyÃ¡ng",4.91657713100219,0.418261927014066
49,"CHN","China","12","Henan","124","Sanmenxia","DÃ¬jÃ­shÃ¬","Prefecture City","ä¸‰é—¨å³¡å¸‚","SÄnmÃ©nxiÃ¡",6.80634245979515,0.972916788479771
49,"CHN","China","12","Henan","125","Shangqiu","DÃ¬qu","Prefecture","å•†ä¸˜å¸‚","ShÄngqiÅ« XiÃ n",6.54552857548942,1.04916393161693
49,"CHN","China","12","Henan","126","Xinxiang","DÃ¬jÃ­shÃ¬","Prefecture City","æ–°ä¹¡å¸‚","XÄ«nxiÄng",5.32785169795934,0.816256537655156
49,"CHN","China","12","Henan","127","Xinyang","DÃ¬jÃ­shÃ¬","Prefecture City","ä¿¡é˜³å¸‚","XÃ¬nyÃ¡ng",8.95289007665288,1.8057972184324
49,"CHN","China","12","Henan","128","Xuchang","DÃ¬jÃ­shÃ¬","Prefecture City","è®¸æ˜Œå¸‚","XÇ”chÄng",4.25365346823893,0.488056585731097
49,"CHN","China","12","Henan","129","Zhengzhou","DÃ¬jÃ­shÃ¬","Prefecture City","éƒ‘å·žå¸‚","ZhÃ¨ngzhÅu",4.87237120163951,0.739248699435857
49,"CHN","China","12","Henan","130","Zhoukou","DÃ¬jÃ­shÃ¬","Prefecture City","å‘¨å£å¸‚","ZhÅukÇ’u",6.62472714568779,1.16952474962449
49,"CHN","China","12","Henan","131","Zhumadian","DÃ¬jÃ­shÃ¬","Prefecture City","é©»é©¬åº—å¸‚","ZhÃ¹mÇŽdiÃ n",7.52383633803107,1.45575009903405
49,"CHN","China","13","Hubei","132","Enshi Tujia and Miao","ZÃ¬zhÃ¬zhou","Autonomous Prefecture","æ©æ–½åœŸå®¶æ—è‹—æ—è‡ªæ²»å·ž","Ä’nshÄ« TÇ”jiÄzÃº|MiÃ¡ozÃº",11.5880618927507,2.26554112508168
49,"CHN","China","13","Hubei","133","Ezhou","DÃ¬jÃ­shÃ¬","Prefecture City","é„‚å·žå¸‚","ÃˆzhÅu",2.67163292216198,0.189933112058482
49,"CHN","China","13","Hubei","134","Huanggang","DÃ¬jÃ­shÃ¬","Prefecture City","é»„å†ˆå¸‚","HuÃ¡nggÄng",8.76930277351589,1.61266854887069
49,"CHN","China","13","Hubei","135","Huangshi","DÃ¬jÃ­shÃ¬","Prefecture City","é»„çŸ³å¸‚","HuÃ¡ngshÃ­",3.6863618116648,0.428212915568989
49,"CHN","China","13","Hubei","136","Jingmen","DÃ¬jÃ­shÃ¬","Prefecture City","è†é—¨å¸‚","JÄ«ngmÃ©n",5.99259684803083,1.16686281572765
49,"CHN","China","13","Hubei","137","Jingzhou","DÃ¬jÃ­shÃ¬","Prefecture City","è†å·žå¸‚","JÄ«ngzhÅu",9.67804759804902,1.31772272072705
49,"CHN","China","13","Hubei","138","Qianjiang","DÃ¬jÃ­shÃ¬","Prefecture City","æ½œæ±Ÿå¸‚","QiÃ¡njiÄng",2.52713697672901,0.18983748607572
49,"CHN","China","13","Hubei","139","Shennongjia","DÃ¬qu","Prefecture","ç¥žå†œæž¶æž—åŒº","ShÃ©nnÃ³ngjiÃ  LÃ­nqÅ«",3.11907654015807,0.306850630287946
49,"CHN","China","13","Hubei","140","Shiyan","DÃ¬jÃ­shÃ¬","Prefecture City","åå °å¸‚","ShÃ­yÃ n",9.91097966710215,2.26642335748328
49,"CHN","China","13","Hubei","141","Suizhou Shi","DÃ¬jÃ­shÃ¬","Prefecture City","éšå·žå¸‚","SuÃ­zhÅu",5.53940397926588,0.914789196802293
49,"CHN","China","13","Hubei","142","Tianmen","DÃ¬jÃ­shÃ¬","Prefecture City","å¤©é—¨å¸‚","TiÄnmÃ©n",3.0116017349142,0.24841724894215
49,"CHN","China","13","Hubei","143","Wuhan","DÃ¬jÃ­shÃ¬","Prefecture City","æ­¦æ±‰å¸‚","WÇ”hÃ n",5.87377110997344,0.788197257534225
49,"CHN","China","13","Hubei","144","Xiangfan","DÃ¬jÃ­shÃ¬","Prefecture City","è¥„æ¨Šå¸‚","XiÄngfÃ¡n",8.11195781280531,1.88139861850512
49,"CHN","China","13","Hubei","145","Xianning","DÃ¬jÃ­shÃ¬","Prefecture City","å’¸å®å¸‚","XiÃ¡nnÃ­ng",6.08411072123226,0.908181517239442
49,"CHN","China","13","Hubei","146","Xiantao","DÃ¬jÃ­shÃ¬","Prefecture City","ä»™æ¡ƒå¸‚","XiÄntÃ¡o",2.80723941112588,0.236865839797231
49,"CHN","China","13","Hubei","147","Xiaogan","DÃ¬jÃ­shÃ¬","Prefecture City","å­æ„Ÿå¸‚","XiÃ ogÇŽn",6.24335523369372,0.839649915025817
49,"CHN","China","13","Hubei","148","Yichang","DÃ¬jÃ­shÃ¬","Prefecture City","å®œæ˜Œå¸‚","YÃ­chÄng",8.16715784432377,2.00421210702188
49,"CHN","China","14","Hunan","149","Changde","DÃ¬jÃ­shÃ¬","Prefecture City","å¸¸å¾·å¸‚|å¸¸å¾·å¸‚","ChÃ¡ngdÃ©",8.87977915262707,1.69517376105801
49,"CHN","China","14","Hunan","150","Changsha","DÃ¬jÃ­shÃ¬","Prefecture City","é•¿æ²™å¸‚|é•·æ²™å¸‚","ChÃ¡ngshÄ",7.70197847466843,1.08222316248428
49,"CHN","China","14","Hunan","151","Chenzhou","DÃ¬jÃ­shÃ¬","Prefecture City","éƒ´å·žå¸‚|éƒ´å·žå¸‚","ChÄ“nzhÅu",10.3329818313331,1.74708186622596
49,"CHN","China","14","Hunan","152","Hengyang","DÃ¬jÃ­shÃ¬","Prefecture City","è¡¡é˜³å¸‚|è¡¡é™½å¸‚","HÃ©ngyÃ¡ng",7.85864133964122,1.39470240183436
49,"CHN","China","14","Hunan","153","Huaihua","DÃ¬jÃ­shÃ¬","Prefecture City","æ€€åŒ–å¸‚|æ‡·åŒ–å¸‚","HuÃ¡ihuÃ ",14.810506381992,2.51818073281176
49,"CHN","China","14","Hunan","154","Loudi","DÃ¬jÃ­shÃ¬","Prefecture City","å¨„åº•å¸‚|å©åº•å¸‚","LÃ³udÇ",6.33934773280037,0.743222072182113
49,"CHN","China","14","Hunan","155","Shaoyang","DÃ¬jÃ­shÃ¬","Prefecture City","é‚µé˜³å¸‚|é‚µé™½å¸‚","ShÃ oyÃ¡ng",9.50714104112316,2.09281640811971
49,"CHN","China","14","Hunan","156","Xiangtan","DÃ¬jÃ­shÃ¬","Prefecture City","æ¹˜æ½­å¸‚|æ¹˜æ½­å¸‚","XiÄngtÃ¡n",4.61583848791653,0.462941927071381
49,"CHN","China","14","Hunan","157","Xiangxi Tujia and Miao","ZÃ¬zhÃ¬zhou","Autonomous Prefecture","æ¹˜è¥¿åœŸå®¶æ—è‹—æ—è‡ªæ²»å·ž|æ¹˜è¥¿åœŸå®¶æ—è‹—æ—è‡ªæ²»å·ž","XiÄngxÄ« TÇ”jiÄzÃº|MiÃ¡ozÃº",7.58358431902535,1.43085499638253
49,"CHN","China","14","Hunan","158","Yiyang","DÃ¬jÃ­shÃ¬","Prefecture City","ç›Šé˜³å¸‚|ç›Šé™½å¸‚","YÃ¬yÃ¡ng",8.69402954676337,1.1233434647511
49,"CHN","China","14","Hunan","159","Yongzhou","DÃ¬jÃ­shÃ¬","Prefecture City","æ°¸å·žå¸‚|æ°¸å·žå¸‚","YÇ’ngzhÅu",9.58855715179349,1.81222892078229
49,"CHN","China","14","Hunan","160","Yueyang","DÃ¬jÃ­shÃ¬","Prefecture City","å²³é˜³å¸‚|å²³é™½å¸‚","YuÃ¨yÃ¡ng",9.06622408894952,1.37385889152939
49,"CHN","China","14","Hunan","161","Zhangjiajie","DÃ¬jÃ­shÃ¬","Prefecture City","å¼ å®¶ç•Œå¸‚|å¼µå®¶ç•Œå¸‚","ZhÄngjiÄjiÃ¨",5.73387383471225,0.888179160108835
49,"CHN","China","14","Hunan","162","Zhuzhou","DÃ¬jÃ­shÃ¬","Prefecture City","æ ªæ´²å¸‚|æ ªæ´²å¸‚","ZhÅ«zhÅu",7.3762811646464,1.02771426135589
49,"CHN","China","15","Jiangsu","163","Changzhou","DÃ¬jÃ­shÃ¬","Prefecture City","å¸¸å·žå¸‚","ChÃ¡ngzhÅu",4.94821442028053,0.417194045687231
49,"CHN","China","15","Jiangsu","164","Huai'an","DÃ¬jÃ­shÃ¬","Prefecture City","æ·®å®‰å¸‚","HuÃ¡i'Än",6.35336721672094,0.967448370065527
49,"CHN","China","15","Jiangsu","165","Lianyungang","DÃ¬jÃ­shÃ¬","Prefecture City","è¿žäº‘æ¸¯å¸‚","LiÃ¡nyÃºngÇŽng",6.54659417808692,0.727366149192675
49,"CHN","China","15","Jiangsu","166","Nanjing","DÃ¬jÃ­shÃ¬","Prefecture City","å—äº¬å¸‚","NÃ¡njÄ«ng",6.16465543993709,0.628212011732103
49,"CHN","China","15","Jiangsu","167","Nantong","DÃ¬jÃ­shÃ¬","Prefecture City","å—é€šå¸‚","NÃ¡ntÅng",6.35410924372674,0.851394228709992
49,"CHN","China","15","Jiangsu","168","Suqian","DÃ¬jÃ­shÃ¬","Prefecture City","å®¿è¿å¸‚","SÃ¹qiÄn",5.4457359756844,0.835117775161032
49,"CHN","China","15","Jiangsu","169","Suzhou","DÃ¬jÃ­shÃ¬","Prefecture City","è‹å·žå¸‚","SÅ«zhÅu",5.79633001056564,0.801723991884481
49,"CHN","China","15","Jiangsu","170","Taizhou","DÃ¬jÃ­shÃ¬","Prefecture City","æ³°å·žå¸‚","TÃ izhÅu",4.99725573591442,0.555350727256144
49,"CHN","China","15","Jiangsu","171","Wuxi","DÃ¬jÃ­shÃ¬","Prefecture City","æ— é”¡å¸‚","WÃºxÄ«",4.75422595147787,0.437078642760741
49,"CHN","China","15","Jiangsu","172","Xuzhou","DÃ¬jÃ­shÃ¬","Prefecture City","å¾å·žå¸‚","XÃºzhÅu",8.3831447341451,1.10009943332987
49,"CHN","China","15","Jiangsu","173","Yancheng","DÃ¬jÃ­shÃ¬","Prefecture City","ç›åŸŽå¸‚","YÃ¡nchÃ©ng",10.9471905627045,1.48831227951451
49,"CHN","China","15","Jiangsu","174","Yangzhou","DÃ¬jÃ­shÃ¬","Prefecture City","æ‰¬å·žå¸‚","YÃ¡ngzhÅu",4.89732458608049,0.636659417286879
49,"CHN","China","15","Jiangsu","175","Zhenjiang","DÃ¬jÃ­shÃ¬","Prefecture City","é•‡æ±Ÿå¸‚","ZhÃ¨njiÄng",3.94111898614492,0.36524943362745
49,"CHN","China","16","Jiangxi","176","Fuzhou","DÃ¬jÃ­shÃ¬","Prefecture City","æŠšå·žå¸‚","FÇ”zhÅu",8.37113432248388,1.71928208702592
49,"CHN","China","16","Jiangxi","177","Ganzhou","DÃ¬jÃ­shÃ¬","Prefecture City","èµ£å·žå¸‚","GÃ nzhÅu",13.1627552272697,3.54499845513062
49,"CHN","China","16","Jiangxi","178","Ji'an","DÃ¬jÃ­shÃ¬","Prefecture City","å‰å®‰å¸‚","JÃ­'Än",9.19718088228813,2.2994299423153
49,"CHN","China","16","Jiangxi","179","Jingdezhen","DÃ¬jÃ­shÃ¬","Prefecture City","æ™¯å¾·é•‡å¸‚","JÇngdÃ©zhÃ¨n",4.35832532127393,0.488472985394776
49,"CHN","China","16","Jiangxi","180","Jiujiang","DÃ¬jÃ­shÃ¬","Prefecture City","ä¹æ±Ÿå¸‚","JiÇ”jiÄng",9.54041575909255,1.7471595934403
49,"CHN","China","16","Jiangxi","181","Nanchang","DÃ¬jÃ­shÃ¬","Prefecture City","å—æ˜Œå¸‚","NÃ¡nchÄng",4.63586652207572,0.683081981849668
49,"CHN","China","16","Jiangxi","182","Pingxiang","DÃ¬jÃ­shÃ¬","Prefecture City","èä¹¡å¸‚","PÃ­ngxiÄng",3.72346874376511,0.346610639753609
49,"CHN","China","16","Jiangxi","183","Shangrao","DÃ¬jÃ­shÃ¬","Prefecture City","ä¸Šé¥¶å¸‚","ShÃ ngrÃ¡o",11.3746765574734,2.10607959203474
49,"CHN","China","16","Jiangxi","184","Xinyu","DÃ¬jÃ­shÃ¬","Prefecture City","æ–°ä½™å¸‚","XÄ«nyÃº",2.94931139844202,0.292965603461208
49,"CHN","China","16","Jiangxi","185","Yichun","DÃ¬jÃ­shÃ¬","Prefecture City","å®œæ˜¥å¸‚","YÃ­chÅ«n",9.55224292423634,1.71893256336629
49,"CHN","China","16","Jiangxi","186","Yingtan","DÃ¬jÃ­shÃ¬","Prefecture City","é¹°æ½­å¸‚","YÄ«ngtÃ¡n",3.26102485764276,0.324687423635659
49,"CHN","China","17","Jilin","187","Baicheng","DÃ¬jÃ­shÃ¬","Prefecture City","ç™½åŸŽå¸‚","BÃ¡ichÃ©ng",10.5457782320572,2.94907039287505
49,"CHN","China","17","Jilin","188","Baishan","DÃ¬jÃ­shÃ¬","Prefecture City","ç™½å±±å¸‚","BÃ¡ishÄn",9.26366349081112,1.89727919363936
49,"CHN","China","17","Jilin","189","Changchun","DÃ¬jÃ­shÃ¬","Prefecture City","é•¿æ˜¥å¸‚","ChÃ¡ngchÅ«n",10.2817287703306,2.31326325195547
49,"CHN","China","17","Jilin","190","Jilin","DÃ¬jÃ­shÃ¬","Prefecture City","å‰æž—å¸‚","JÃ­lÃ­n",10.3496717903912,3.07206038798909
49,"CHN","China","17","Jilin","191","Liaoyuan","DÃ¬jÃ­shÃ¬","Prefecture City","è¾½æºå¸‚","LiÃ¡oyuÃ¡n",3.91566130920858,0.567895732019678
49,"CHN","China","17","Jilin","192","Siping","DÃ¬jÃ­shÃ¬","Prefecture City","å››å¹³å¸‚","SÃ¬pÃ­ng",8.7440075389122,1.59608636186748
49,"CHN","China","17","Jilin","193","Songyuan","DÃ¬jÃ­shÃ¬","Prefecture City","æ¾åŽŸå¸‚","SÅngyuÃ¡n",10.1049606120134,2.41100663982798
49,"CHN","China","17","Jilin","194","Tonghua","DÃ¬jÃ­shÃ¬","Prefecture City","é€šåŒ–å¸‚","TÅnghuÃ ",9.24116352921643,1.69558367681751
49,"CHN","China","17","Jilin","195","Yanbian Korean","ZÃ¬zhÃ¬zhou","Autonomous Prefecture","å»¶è¾¹æœé²œæ—è‡ªæ²»å·ž","YÃ¡nbiÄn ChÃ¡oxiÇŽnzÃº",16.5046878961967,4.81681162971657
49,"CHN","China","18","Liaoning","196","Anshan","DÃ¬jÃ­shÃ¬","Prefecture City","éžå±±å¸‚","Ä€nshÄn",7.87471761445895,0.985400167803181
49,"CHN","China","18","Liaoning","197","Benxi","DÃ¬jÃ­shÃ¬","Prefecture City","æœ¬æºªå¸‚","BÄ›nxÄ«",7.55551340372151,0.907317282239056
49,"CHN","China","18","Liaoning","198","Chaoyang","DÃ¬jÃ­shÃ¬","Prefecture City","æœé˜³å¸‚","ChÃ¡oyÃ¡ng",10.0646177482372,2.12249333853834
49,"CHN","China","18","Liaoning","199","Dalian","DÃ¬jÃ­shÃ¬","Prefecture City","å¤§è¿žå¸‚","DÃ liÃ¡n",11.053294345537,0.0366837816254808
49,"CHN","China","18","Liaoning","199","Dalian","DÃ¬jÃ­shÃ¬","Prefecture City","å¤§è¿žå¸‚","DÃ liÃ¡n",18.7324995168529,1.27455818704039
49,"CHN","China","18","Liaoning","200","Dandong","DÃ¬jÃ­shÃ¬","Prefecture City","ä¸¹ä¸œå¸‚","DÄndÅng",9.85735440375433,1.57118051557337
49,"CHN","China","18","Liaoning","201","Fushun","DÃ¬jÃ­shÃ¬","Prefecture City","æŠšé¡ºå¸‚","FÇ”shÃ¹n",6.9457569763627,1.21790236597011
49,"CHN","China","18","Liaoning","202","Fuxin","DÃ¬jÃ­shÃ¬","Prefecture City","é˜œæ–°å¸‚","FÃ¹xÄ«n",6.08097531148724,1.12534249367307
49,"CHN","China","18","Liaoning","203","Huludao","DÃ¬jÃ­shÃ¬","Prefecture City","è‘«èŠ¦å²›å¸‚","HÃºludÇŽo",8.16478129210539,1.09650582591713
49,"CHN","China","18","Liaoning","204","Jinzhou","DÃ¬jÃ­shÃ¬","Prefecture City","é”¦å·žå¸‚","JÇnzhÅu",7.21292326576468,1.07508950146441
49,"CHN","China","18","Liaoning","205","Liaoyang","DÃ¬jÃ­shÃ¬","Prefecture City","è¾½é˜³å¸‚","LiÃ¡oyÃ¡ng",4.21519364914097,0.501068702855262
49,"CHN","China","18","Liaoning","206","Panjin","DÃ¬jÃ­shÃ¬","Prefecture City","ç›˜é”¦å¸‚","PÃ¡njÇn",4.95873312899125,0.389297886926194
49,"CHN","China","18","Liaoning","207","Shenyang","DÃ¬jÃ­shÃ¬","Prefecture City","æ²ˆé˜³å¸‚","ShÄ›nyÃ¡ng",8.16715413444194,1.4030495335028
49,"CHN","China","18","Liaoning","208","Tieling","DÃ¬jÃ­shÃ¬","Prefecture City","é“å²­å¸‚","TiÄ›lÇng",12.9819190132949,1.97164352943947
49,"CHN","China","19","Nei Mongol","209","Alxa","MÃ©ng","League","é˜¿æ‹‰å–„ç›Ÿ","Ä€lÄshÃ n",32.7619350017954,25.5762609894302
49,"CHN","China","19","Nei Mongol","210","Baotou","DÃ¬jÃ­shÃ¬","Prefecture City","åŒ…å¤´å¸‚","BÄotÃ³u",9.99735672843596,2.73792516558025
49,"CHN","China","19","Nei Mongol","211","Baynnur","DÃ¬jÃ­shÃ¬","Prefecture City","å·´å½¦æ·–å°”å¸‚","BÄyÃ nnÃ o'Ä›r",13.8432014728654,6.93421541625863
49,"CHN","China","19","Nei Mongol","212","Chifeng","DÃ¬jÃ­shÃ¬","Prefecture City","èµ¤å³°å¸‚","ChÃ¬fÄ“ng",19.9919381303303,9.40028217062357
49,"CHN","China","19","Nei Mongol","213","Hohhot","DÃ¬jÃ­shÃ¬","Prefecture City","å‘¼å’Œæµ©ç‰¹å¸‚","HÅ«hÃ©hÃ otÃ¨",8.35312304488017,2.07385334813449
49,"CHN","China","19","Nei Mongol","214","Hulunbuir","DÃ¬jÃ­shÃ¬","Prefecture City","å‘¼ä¼¦è´å°”å¸‚","HÅ«lÃºnbÃ¨i'Ä›r",40.8857233740931,31.4686641944572
49,"CHN","China","19","Nei Mongol","215","Ordos","DÃ¬jÃ­shÃ¬","Prefecture City","é„‚å°”å¤šæ–¯å¸‚","Ãˆ'Ä›rduÅsÄ«",17.8576143969584,9.08426006922673
49,"CHN","China","19","Nei Mongol","216","Tongliao","DÃ¬jÃ­shÃ¬","Prefecture City","é€šè¾½å¸‚","TÅngliÃ¡o",17.1711024541189,6.6319267300714
49,"CHN","China","19","Nei Mongol","217","Ulaan Chab","DÃ¬jÃ­shÃ¬","Prefecture City","ä¹Œå…°å¯Ÿå¸ƒå¸‚","WÅ«lÃ¡nchÃ¡bÃ¹",15.8084017518227,5.91267388322746
49,"CHN","China","19","Nei Mongol","218","Wuhai","DÃ¬jÃ­shÃ¬","Prefecture City","ä¹Œæµ·å¸‚","WÅ«hÇŽi",1.88615339016891,0.161533408667315
49,"CHN","China","19","Nei Mongol","219","Xilin Gol","MÃ©ng","League","é”¡æž—éƒ­å‹’ç›Ÿ","XÄ«lÃ­nguÅlÃ¨",31.5195416026189,22.8876595819603
49,"CHN","China","19","Nei Mongol","220","Xing'an","MÃ©ng","League","å…´å®‰ç›Ÿ","XÄ«ng'Än",19.1392285102834,6.24449987239504
49,"CHN","China","2","Beijing","18","Beijing","ZhÃ­xiÃ¡shÃ¬","Municipality","åŒ—äº¬|åŒ—äº¬","BÄ›ijÄ«ng",8.64465440391503,1.73489114380213
49,"CHN","China","20","Ningxia Hui","221","Guyuan","DÃ¬jÃ­shÃ¬","Prefecture City","å›ºåŽŸå¸‚","GÃ¹yuÃ¡n",7.67418610795917,1.12749372744293
49,"CHN","China","20","Ningxia Hui","222","Shizuishan","DÃ¬jÃ­shÃ¬","Prefecture City","çŸ³å˜´å±±å¸‚","ShÃ­zuÇshÄn",3.80498846522938,0.457240884905316
49,"CHN","China","20","Ningxia Hui","223","Wuzhong","DÃ¬jÃ­shÃ¬","Prefecture City","å´å¿ å¸‚","WÃºzhÅng",11.3367967293254,1.68295032157038
49,"CHN","China","20","Ningxia Hui","224","Yinchuan","DÃ¬jÃ­shÃ¬","Prefecture City","é“¶å·å¸‚","YÃ­nchuÄn",4.88425785719956,0.742443640774578
49,"CHN","China","20","Ningxia Hui","225","Zhongwei","DÃ¬jÃ­shÃ¬","Prefecture City","ä¸­å«å¸‚","ZhÅngwÃ¨i",8.90322433279925,1.25901780420101
49,"CHN","China","21","Paracel Islands","226","Paracel Islands","QÃºndao","Island","æª¨á™žà¸¨à§‡ã¶˜ç¶¤ï¿¿Ã¿Ç«ÌŒæ¡¤æ±”","XÄ«shÄ QÃºndÇŽo",1.4363329795171,0.0016661316112743
49,"CHN","China","22","Qinghai","227","Golog Tibetan","ZÃ¬zhÃ¬zhou","Autonomous Prefecture","æžœæ´›è—æ—è‡ªæ²»å·ž","GuÇ’luÃ² ZÃ ngzÃº",18.2098504979061,7.493932727666
49,"CHN","China","22","Qinghai","228","GyÃªgu Tibetan","ZÃ¬zhÃ¬zhou","Autonomous Prefecture","çŽ‰æ ‘è—æ—è‡ªæ²»å·ž","YÃ¹shÃ¹ ZÃ ngzÃº",31.8751669424602,23.8855981806262
49,"CHN","China","22","Qinghai","229","Haibei Tibetan","ZÃ¬zhÃ¬zhou","Autonomous Prefecture","æµ·åŒ—è—æ—è‡ªæ²»å·ž","HÇŽibÄ›i ZÃ ngzÃº",16.5665473241762,3.17828318779357
49,"CHN","China","22","Qinghai","230","Haidong","DÃ¬qu","Prefecture","æµ·ä¸œåœ°åŒº","HÇŽidÅng",6.38900936805759,1.30765623743356
49,"CHN","China","22","Qinghai","231","Hainan Tibetan","ZÃ¬zhÃ¬zhou","Autonomous Prefecture","æµ·å—è—æ—è‡ªæ²»å·ž","HÇŽinÃ¡n ZÃ ngzÃº",12.4130563912985,4.53039567118684
49,"CHN","China","22","Qinghai","232","Haixi Mongol and Tibetan","ZÃ¬zhÃ¬zhou","Autonomous Prefecture","æµ·è¥¿è’™å¤æ—è—æ—è‡ªæ²»å·ž","HÇŽixÄ« MÄ›nggÇ”zÃº ZÃ ngzÃº",30.7017083174554,28.473065433107
49,"CHN","China","22","Qinghai","233","Huangnan Tibetan","ZÃ¬zhÃ¬zhou","Autonomous Prefecture","é»„å—è—æ—è‡ªæ²»å·ž","HuÃ¡ngnÃ¡n ZÃ ngzÃº",9.73171994143767,1.75737926657891
49,"CHN","China","22","Qinghai","234","Xining","DÃ¬jÃ­shÃ¬","Prefecture City","è¥¿å®å¸‚","XÄ«nÃ­ng",4.92048622239868,0.725583896797628
49,"CHN","China","23","Shaanxi","235","Ankang","DÃ¬jÃ­shÃ¬","Prefecture City","å®‰åº·å¸‚","Ä€nkÄng",9.98532995353621,2.25154045809177
49,"CHN","China","23","Shaanxi","236","Baoji","DÃ¬jÃ­shÃ¬","Prefecture City","å®é¸¡å¸‚","BÇŽojÄ«",8.13626704851269,1.77709822384347
49,"CHN","China","23","Shaanxi","237","Hanzhong","DÃ¬jÃ­shÃ¬","Prefecture City","æ±‰ä¸­å¸‚","HÃ nzhÅng",10.8998361284604,2.62233911150536
49,"CHN","China","23","Shaanxi","238","Shangluo","DÃ¬jÃ­shÃ¬","Prefecture City","å•†æ´›å¸‚","ShÄngluÃ²",8.50034884032903,1.9068741743394
49,"CHN","China","23","Shaanxi","239","Tongchuan","DÃ¬jÃ­shÃ¬","Prefecture City","é“œå·å¸‚","TÃ³ngchuÄn",2.74123860111227,0.229237359686531
49,"CHN","China","23","Shaanxi","240","Weinan","DÃ¬jÃ­shÃ¬","Prefecture City","æ¸­å—å¸‚","WÃ¨inÃ¡n",7.1818099886226,1.29719753377137
49,"CHN","China","23","Shaanxi","241","Xi'an","DÃ¬jÃ­shÃ¬","Prefecture City","è¥¿å®‰å¸‚","XÄ«'Än",6.33211303383798,0.995958153216621
49,"CHN","China","23","Shaanxi","242","Xianyang","DÃ¬jÃ­shÃ¬","Prefecture City","å’¸é˜³å¸‚","XiÃ¡nyÃ¡ng",6.1459829874482,1.1697540432215
49,"CHN","China","23","Shaanxi","243","Yan'an","DÃ¬jÃ­shÃ¬","Prefecture City","å»¶å®‰å¸‚","YÃ¡n'Än",12.8392751627179,3.7140990373009
49,"CHN","China","23","Shaanxi","244","Yulin","DÃ¬jÃ­shÃ¬","Prefecture City","æ¦†æž—å¸‚","YÃºlÃ­n",17.7838238236662,4.42616525609632
49,"CHN","China","24","Shandong","245","Binzhou","DÃ¬qu","Prefecture","æ»¨å·ž","BÄ«nzhÅu",5.54710707552391,0.882386501965825
49,"CHN","China","24","Shandong","246","Dezhou","DÃ¬jÃ­shÃ¬","Prefecture City","å¾·å·žå¸‚","DÃ©zhÅu",7.24146169745553,1.04488536687863
49,"CHN","China","24","Shandong","247","Dongying","DÃ¬jÃ­shÃ¬","Prefecture City","ä¸œè¥å¸‚","DÅngyÃ­ng",6.67837538876091,0.758950298157271
49,"CHN","China","24","Shandong","248","Heze","DÃ¬jÃ­shÃ¬","Prefecture City","èæ³½å¸‚","HÃ©zÃ©",5.7835478979441,1.20061442833682
49,"CHN","China","24","Shandong","249","Jinan","DÃ¬jÃ­shÃ¬","Prefecture City","æµŽå—å¸‚","JÇnÃ¡n",6.42360561440692,0.820554895588405
49,"CHN","China","24","Shandong","250","Jining","DÃ¬jÃ­shÃ¬","Prefecture City","æµŽå®å¸‚","JÇnÃ­ng",8.70537872421341,0.945478831257831
49,"CHN","China","24","Shandong","251","Laiwu","DÃ¬jÃ­shÃ¬","Prefecture City","èŽ±èŠœå¸‚","LÃ¡iwÃº",2.11509273724472,0.210569837072401
49,"CHN","China","24","Shandong","252","Liaocheng","DÃ¬jÃ­shÃ¬","Prefecture City","èŠåŸŽå¸‚","LiÃ¡ochÃ©ng",4.76041018319894,0.866071553973583
49,"CHN","China","24","Shandong","253","Linyi","DÃ¬jÃ­shÃ¬","Prefecture City","ä¸´æ²‚å¸‚","LÃ­nyÃ­",8.64290924860705,1.70027897103865
49,"CHN","China","24","Shandong","254","Qingdao","DÃ¬jÃ­shÃ¬","Prefecture City","é’å²›å¸‚","QÄ«ngdÇŽo",14.3866315233689,1.1005283278064
49,"CHN","China","24","Shandong","255","Rizhao","DÃ¬jÃ­shÃ¬","Prefecture City","æ—¥ç…§å¸‚","RÃ¬zhÃ o",5.14284058292275,0.524445410032067
49,"CHN","China","24","Shandong","256","Tai'an","DÃ¬jÃ­shÃ¬","Prefecture City","æ³°å®‰å¸‚","TÃ i'Än",6.44181240362044,0.765346953121503
49,"CHN","China","24","Shandong","257","Weifang","DÃ¬jÃ­shÃ¬","Prefecture City","æ½åŠå¸‚","WÃ©ifÄng",8.0408637628823,1.58306463838378
49,"CHN","China","24","Shandong","258","Weihai","DÃ¬jÃ­shÃ¬","Prefecture City","å¨æµ·å¸‚","WÄ“ihÇŽi",11.9966447376291,0.566355623945162
49,"CHN","China","24","Shandong","259","Yantai","DÃ¬jÃ­shÃ¬","Prefecture City","çƒŸå°å¸‚","YÄntÃ¡i",14.6973388117121,1.38268687290835
49,"CHN","China","24","Shandong","260","Zaozhuang","DÃ¬jÃ­shÃ¬","Prefecture City","æž£åº„å¸‚","ZÇŽozhuÄng",4.22511082520562,0.61066318459051
49,"CHN","China","24","Shandong","261","Zibo","DÃ¬jÃ­shÃ¬","Prefecture City","æ·„åšå¸‚","ZÄ«bÃ³",5.48666857736131,0.651632710825644
49,"CHN","China","25","Shanghai","262","Shanghai","ZhÃ­xiÃ¡shÃ¬","Municipality","ä¸Šæµ·|ä¸Šæµ·","ShÃ nghÇŽi",14.6835008379295,0.651444873656162
49,"CHN","China","26","Shanxi","263","Changzhi","DÃ¬jÃ­shÃ¬","Prefecture City","é•¿æ²»å¸‚","ChÃ¡ngzhÃ¬",6.88732412736539,1.40583754499674
49,"CHN","China","26","Shanxi","264","Datong","DÃ¬jÃ­shÃ¬","Prefecture City","å¤§åŒå¸‚","DÃ tÃ³ng",8.85786127478238,1.47282350585738
49,"CHN","China","26","Shanxi","265","Jincheng","DÃ¬jÃ­shÃ¬","Prefecture City","æ™‹åŸŽå¸‚","JÃ¬nchÃ©ng",5.1026488301534,0.936553349587454
49,"CHN","China","26","Shanxi","266","Jinzhong","DÃ¬jÃ­shÃ¬","Prefecture City","æ™‹ä¸­å¸‚","JÃ¬nzhÅng",9.20829533224824,1.66410772457316
49,"CHN","China","26","Shanxi","267","Linfen","DÃ¬jÃ­shÃ¬","Prefecture City","ä¸´æ±¾å¸‚","LÃ­nfÃ©n",8.00675850020633,2.00906976406993
49,"CHN","China","26","Shanxi","268","Luliang","DÃ¬jÃ­shÃ¬","Prefecture City","å•æ¢å¸‚","LÇšlÃ­ang",8.94595271082759,2.14764707244463
49,"CHN","China","26","Shanxi","269","Shuozhou","DÃ¬jÃ­shÃ¬","Prefecture City","æœ”å·žå¸‚","ShuÃ²zhÅu",5.98082400348178,1.1223280760023
49,"CHN","China","26","Shanxi","270","Taiyuan","DÃ¬jÃ­shÃ¬","Prefecture City","å¤ªåŽŸå¸‚","TÃ iyuÃ¡n",5.41039080653873,0.714819197790372
49,"CHN","China","26","Shanxi","271","Xinzhou","DÃ¬jÃ­shÃ¬","Prefecture City","å¿»å·žå¸‚","XÄ«nzhÅu",10.2080539672874,2.61015704413882
49,"CHN","China","26","Shanxi","272","Yangquan","DÃ¬jÃ­shÃ¬","Prefecture City","é˜³æ³‰å¸‚","YÃ¡ngquÃ¡n",3.65849051010561,0.469497303522078
49,"CHN","China","26","Shanxi","273","Yuncheng","DÃ¬jÃ­shÃ¬","Prefecture City","è¿åŸŽåŽ¿","YÃ¹nchÃ©ng",6.20725964019978,1.41182676146854
49,"CHN","China","27","Sichuan","274","Bazhong","DÃ¬jÃ­shÃ¬","Prefecture City","å·´ä¸­å¸‚","BÄzhÅng",6.1667438018893,1.17409790770038
49,"CHN","China","27","Sichuan","275","Chengdu","DÃ¬jÃ­shÃ¬","Prefecture City","æˆéƒ½å¸‚","ChÃ©ngdÅ«",7.22848084127945,1.02261235767214
49,"CHN","China","27","Sichuan","276","Dazhou","DÃ¬jÃ­shÃ¬","Prefecture City","è¾¾å·žå¸‚","DÃ¡zhÅu",9.04876244682031,1.56886443754045
49,"CHN","China","27","Sichuan","277","Deyang","DÃ¬jÃ­shÃ¬","Prefecture City","å¾·é˜³å¸‚","DÃ©yÃ¡ng",4.63221735541234,0.563923456124026
49,"CHN","China","27","Sichuan","278","GarzÃª Tibetan","ZÃ¬zhÃ¬zhou","Autonomous Prefecture","ç”˜å­œè—æ—è‡ªæ²»å·ž","GÄnzÄ« ZÃ ngzÃº",29.3361541101207,13.942092005811
49,"CHN","China","27","Sichuan","279","Guang'an","DÃ¬jÃ­shÃ¬","Prefecture City","å¹¿å®‰å¸‚","GuÇŽng'Än",4.66544740093624,0.596300046694526
49,"CHN","China","27","Sichuan","280","Guangyuan","DÃ¬jÃ­shÃ¬","Prefecture City","å¹¿å…ƒå¸‚","GuÇŽngyuÃ¡n",8.1628150651054,1.55149818582141
49,"CHN","China","27","Sichuan","281","Leshan","DÃ¬jÃ­shÃ¬","Prefecture City","ä¹å±±å¸‚","LÃ¨shÄn",6.69607641605503,1.11396076191889
49,"CHN","China","27","Sichuan","282","Liangshan Yi","ZÃ¬zhÃ¬zhou","Autonomous Prefecture","å‡‰å±±å½æ—è‡ªæ²»å·ž","LiÃ¡ngshÄn YÃ­zÃº",20.3173618143152,5.49959576402027
49,"CHN","China","27","Sichuan","283","Luzhou","DÃ¬jÃ­shÃ¬","Prefecture City","æ³¸å·žå¸‚","LÃºzhÅu",8.13204310591294,1.12643520278653
49,"CHN","China","27","Sichuan","284","Meishan","DÃ¬jÃ­shÃ¬","Prefecture City","çœ‰å±±å¸‚","MÃ©ishÄn",6.68120326474096,0.755315020993286
49,"CHN","China","27","Sichuan","285","Mianyang","DÃ¬jÃ­shÃ¬","Prefecture City","ç»µé˜³å¸‚","MÃ­anyÃ¡ng",10.6344696172682,1.92556079427595
49,"CHN","China","27","Sichuan","286","Nanchong","DÃ¬jÃ­shÃ¬","Prefecture City","å—å……å¸‚","NÃ¡nchÅng",6.36885368209667,1.19039627112216
49,"CHN","China","27","Sichuan","287","Neijiang]]","DÃ¬jÃ­shÃ¬","Prefecture City","å†…æ±Ÿå¸‚","NÃ¨ijiÄng",3.76873328434253,0.235672485439858
49,"CHN","China","27","Sichuan","288","Neijiang","DÃ¬jÃ­shÃ¬","Prefecture City","å†…æ±Ÿå¸‚","NÃ¨ijiÄng",3.78158892945964,0.266278103365043
49,"CHN","China","27","Sichuan","289","Ngawa Tibetan and Qiang","ZÃ¬zhÃ¬zhou","Autonomous Prefecture","é˜¿åè—æ—ç¾Œæ—è‡ªæ²»å·ž","Ä€bÃ  ZÃ ngzÃº|QiÄngzÃº",21.658956342664,8.0522730197335
49,"CHN","China","27","Sichuan","290","Panzhihua","DÃ¬jÃ­shÃ¬","Prefecture City","æ”€æžèŠ±å¸‚","PÄnzhÄ«huÄ",5.62778392382794,0.673928635937071
49,"CHN","China","27","Sichuan","291","Suining","DÃ¬jÃ­shÃ¬","Prefecture City","é‚å®å¸‚","SÃ¹inÃ­ng",3.89402380988943,0.500989361375104
49,"CHN","China","27","Sichuan","292","Ya'an","DÃ¬jÃ­shÃ¬","Prefecture City","é›…å®‰å¸‚","YÇŽ'Än",7.68740691970272,1.40328515385773
49,"CHN","China","27","Sichuan","293","Yibin","DÃ¬jÃ­shÃ¬","Prefecture City","å®œå®¾å¸‚","YÃ­bÄ«n",7.36132419539938,1.22466546273064
49,"CHN","China","27","Sichuan","294","Zigong","DÃ¬jÃ­shÃ¬","Prefecture City","è‡ªè´¡å¸‚","ZÃ¬gÃ²ng",4.81343545041957,0.406040282628957
49,"CHN","China","27","Sichuan","295","Ziyang","DÃ¬jÃ­shÃ¬","Prefecture City","èµ„é˜³å¸‚","ZÄ«yÃ¡ng",5.30901850102423,0.743368677154653
49,"CHN","China","28","Tianjin","296","Tianjin","ZhÃ­xiÃ¡shÃ¬","Municipality","å¤©æ´¥|å¤©æ´¥","TiÄnjÄ«n",7.87105725084791,1.22181550344976
49,"CHN","China","29","Xinjiang Uygur","297","Aksu","DÃ¬qu","Prefecture","é˜¿å…‹è‹åœ°åŒº","Ä€kÃ¨sÅ«",18.8197769921706,13.9910031837061
49,"CHN","China","29","Xinjiang Uygur","298","Altay","DÃ¬qu","Prefecture","é˜¿å‹’æ³°åœ°åŒº","Ä€lÃ¨tÃ i",19.1704222245588,13.8631285511074
49,"CHN","China","29","Xinjiang Uygur","299","ÃœrÃ¼mqi","DÃ¬jÃ­shÃ¬","Prefecture City","ä¹Œé²æœ¨é½å¸‚","WÅ«lÇ”mÃ¹qÃ­",5.97441254044072,1.14026519953041
49,"CHN","China","29","Xinjiang Uygur","300","BÃ¶rtala Mongol","ZÃ¬zhÃ¬zhou","Autonomous Prefecture","åšå°”å¡”æ‹‰è’™å¤è‡ªæ²»å·ž","BÃ³'Ä›rtÇŽlÄ MÄ›nggÇ”",9.93782356208058,2.80156068046929
49,"CHN","China","29","Xinjiang Uygur","301","Bayin'gholin Mongol","ZÃ¬zhÃ¬zhou","Autonomous Prefecture","å·´éŸ³éƒ­æ„£è’™å¤è‡ªæ²»å·ž","BÄyÄ«nguÅlÃ¨ng MÄ›nggÇ”",42.0471575680235,49.6272249226167
49,"CHN","China","29","Xinjiang Uygur","302","Changji Hui","ZÃ¬zhÃ¬zhou","Autonomous Prefecture","æ˜Œå‰å›žæ—è‡ªæ²»å·ž","ChÄngjÃ­ HuÃ­zÃº",19.6063889280539,8.75476292827806
49,"CHN","China","29","Xinjiang Uygur","303","Hami","DÃ¬qu","Prefecture","å“ˆå¯†åœ°åŒº","HÄmÃ¬",16.4530118534007,15.0618316528853
49,"CHN","China","29","Xinjiang Uygur","304","Ili Kazakh","ZÃ¬zhÃ¬zhou","Autonomous Prefecture","ä¼ŠçŠå“ˆè¨å…‹è‡ªæ²»å·ž","YÄ«lÃ­ HÄsÃ kÃ¨",17.1683166724192,6.24766921947591
49,"CHN","China","29","Xinjiang Uygur","305","Karamay","DÃ¬jÃ­shÃ¬","Prefecture City","å…‹æ‹‰çŽ›ä¾å¸‚","KÃ¨lÄmÇŽyÄ«",6.17455729972775,0.896182671931446
49,"CHN","China","29","Xinjiang Uygur","306","Kashgar","DÃ¬qu","Prefecture","å–€ä»€åœ°åŒº","KÄshÃ­",26.5614476269264,11.6657724357938
49,"CHN","China","29","Xinjiang Uygur","307","Khotan","DÃ¬qu","Prefecture","å’Œç”°åœ°åŒº","HÃ©tiÃ¡n",25.5944518654261,25.2606685323408
49,"CHN","China","29","Xinjiang Uygur","308","Kizilsu Kirghiz","ZÃ¬zhÃ¬zhou","Autonomous Prefecture","å…‹å­œå‹’è‹æŸ¯å°”å…‹å­œè‡ªæ²»å·ž","KÃ¨zÄ«lÃ¨sÅ« KÄ“'Ä›rkÃ¨zÄ«",22.0967169794024,7.09119485659174
49,"CHN","China","29","Xinjiang Uygur","309","Shihezi","DÃ¬jÃ­shÃ¬","Prefecture City","çŸ³æ²³å­å¸‚","ShÃ­hÃ©zÇ",1.08925081447469,0.0552685743023171
49,"CHN","China","29","Xinjiang Uygur","310","Tacheng","DÃ¬qu","Prefecture","å¡”åŸŽåœ°åŒº","TÇŽchÃ©ng",25.5932858338455,10.9666990784608
49,"CHN","China","29","Xinjiang Uygur","311","Turfan","DÃ¬qu","Prefecture","åé²ç•ªåœ°åŒº","TÇ”lÇ”fÄn",13.455417548065,7.55432925697822
49,"CHN","China","3","Chongqing","19","Chongqing","ZhÃ­xiÃ¡shÃ¬","Municipality","é‡æ…¶|é‡åº†","ChÃ³ngqÃ¬ng",26.8800100349966,7.71312915432646
49,"CHN","China","30","Xizang","312","Chamdo","DÃ¬qu","Prefecture","æ˜Œéƒ½åœ°åŒº","ChÄngdÅ«",26.5864521357511,10.0082228523462
49,"CHN","China","30","Xizang","313","Lhasa","DÃ¬jÃ­shÃ¬","Prefecture City","æ‹‰è¨å¸‚","LÄsÃ ",10.2842922251709,2.76488499831614
49,"CHN","China","30","Xizang","314","Nagchu","DÃ¬qu","Prefecture","é‚£æ›²åœ°åŒº","NÃ qÅ«",47.3536713468881,37.8602178822328
49,"CHN","China","30","Xizang","315","Ngari","DÃ¬qu","Prefecture","é˜¿é‡Œåœ°åŒº","Ä€lÇ",40.3893600405297,28.2338096469393
49,"CHN","China","30","Xizang","316","Nyingtri","DÃ¬qu","Prefecture","æž—èŠåœ°åŒº","LÃ­nzhÄ«",25.7602044311395,7.50453368387386
49,"CHN","China","30","Xizang","317","Shannan","DÃ¬qu","Prefecture","å±±å—åœ°åŒº","ShÄnnÃ¡n",12.5979503512954,4.29147569842456
49,"CHN","China","30","Xizang","318","Shigatse","DÃ¬qu","Prefecture","æ—¥å–€åˆ™åœ°åŒº","RÃ¬kÄzÃ©",38.9697107586503,16.7953517219066
49,"CHN","China","31","Yunnan","319","Baoshan","DÃ¬jÃ­shÃ¬","Prefecture City","ä¿å±±å¸‚","BÇŽoshÄn",8.46342018141136,1.70549802036112
49,"CHN","China","31","Yunnan","320","Chuxiong Yi","ZÃ¬zhÃ¬zhou","Autonomous Prefecture","æ¥šé›„å½æ—è‡ªæ²»å·ž","ChÇ”xiÃ³ng YÃ­zÃº",9.61634034075091,2.5522836810051
49,"CHN","China","31","Yunnan","321","DÃªqÃªn Tibetan","ZÃ¬zhÃ¬zhou","Autonomous Prefecture","è¿ªåº†è—æ—è‡ªæ²»å·ž","DÃ­qÃ¬ng ZÃ ngzÃº",11.5412555433014,2.12255579780321
49,"CHN","China","31","Yunnan","322","Dali Bai","ZÃ¬zhÃ¬zhou","Autonomous Prefecture","å¤§ç†ç™½æ—è‡ªæ²»å·ž","DÃ lÇ BÃ¡izÃº",10.770339250348,2.55060881921238
49,"CHN","China","31","Yunnan","323","Dehong Dai and Jingpo","ZÃ¬zhÃ¬zhou","Autonomous Prefecture","å¾·å®å‚£æ—æ™¯é¢‡æ—è‡ªæ²»å·ž","DÃ©hÃ³ng DÇŽizÃº|JÇngpÅzÃº",5.98684629397375,0.991927847135238
49,"CHN","China","31","Yunnan","324","Honghe Hani and Yi","ZÃ¬zhÃ¬zhou","Autonomous Prefecture","çº¢æ²³å“ˆå°¼æ—å½æ—è‡ªæ²»å·ž","HÃ³nghÃ© HÄnÃ­zÃº|YÃ­zÃº",13.5165246419948,2.83939358797945
49,"CHN","China","31","Yunnan","325","Kunming","DÃ¬jÃ­shÃ¬","Prefecture City","æ˜†æ˜Žå¸‚","KÅ«nmÃ­ng",9.97361879594276,1.8849467573528
49,"CHN","China","31","Yunnan","326","Lijiang","DÃ¬jÃ­shÃ¬","Prefecture City","ä¸½æ±Ÿå¸‚","LÃ¬jiÄng",9.74659799482959,1.86676096158769
49,"CHN","China","31","Yunnan","327","Lincang","DÃ¬jÃ­shÃ¬","Prefecture City","ä¸´æ²§å¸‚","LÃ­ncÄng",8.43940468318904,2.0907011000236
49,"CHN","China","31","Yunnan","328","Nujiang Lisu","ZÃ¬zhÃ¬zhou","Autonomous Prefecture","æ€’æ±Ÿå‚ˆåƒ³æ—è‡ªæ²»å·ž","NÃ¹jiÄng LÃ¬sÃ¹zÃº",10.5928761027517,1.32038022825878
49,"CHN","China","31","Yunnan","329","Pu'er","DÃ¬jÃ­shÃ¬","Prefecture City","æ™®æ´±å¸‚","PÇ”'Ä›r",13.9014695503136,3.8868169539418
49,"CHN","China","31","Yunnan","330","Qujing","DÃ¬jÃ­shÃ¬","Prefecture City","æ›²é–å¸‚","QÇ”jÃ¬ng",10.9248215815549,2.59420797963689
49,"CHN","China","31","Yunnan","331","Wenshan Zhuang and Miao","ZÃ¬zhÃ¬zhou","Autonomous Prefecture","æ–‡å±±å£®æ—è‹—æ—è‡ªæ²»å·ž","WÃ©nshÄn ZhuÃ ngzÃº|MiÃ¡ozÃº",10.6438374357611,2.78353460638028
49,"CHN","China","31","Yunnan","332","Xishuangbanna Dai","ZÃ¬zhÃ¬zhou","Autonomous Prefecture","è¥¿åŒç‰ˆçº³å‚£æ—è‡ªæ²»å·ž","XÄ«shuÄngbÇŽnnÃ |DÇŽizÃº",7.95847295437991,1.67993236007893
49,"CHN","China","31","Yunnan","333","Yuxi","DÃ¬jÃ­shÃ¬","Prefecture City","çŽ‰æºªå¸‚","YÃ¹xÄ«",9.69835398608126,1.33215897454646
49,"CHN","China","31","Yunnan","334","Zhaotong","DÃ¬jÃ­shÃ¬","Prefecture City","æ˜­é€šå¸‚","ZhÄotÅng",10.7098662588997,2.0579699253867
49,"CHN","China","32","Zhejiang","335","Hangzhou","DÃ¬jÃ­shÃ¬","Prefecture City","æ­å·žå¸‚","HÃ¡ngzhÅu",8.96081377332646,1.5943942101003
49,"CHN","China","32","Zhejiang","336","Huzhou","DÃ¬jÃ­shÃ¬","Prefecture City","æ¹–å·žå¸‚","HÃºzhÅu",4.31651915887923,0.546611839083199
49,"CHN","China","32","Zhejiang","337","Jiaxing","DÃ¬jÃ­shÃ¬","Prefecture City","å˜‰å…´å¸‚","JiÄxÄ«ng",3.84266302046378,0.374463906628083
49,"CHN","China","32","Zhejiang","338","Jinhua","DÃ¬jÃ­shÃ¬","Prefecture City","é‡‘åŽå¸‚","JÄ«nhuÃ¡",5.79687409794651,1.0123123898229
49,"CHN","China","32","Zhejiang","339","Lishui","DÃ¬jÃ­shÃ¬","Prefecture City","ä¸½æ°´å¸‚","LÃ­shuÇ",7.45783343051389,1.58063010513436
49,"CHN","China","32","Zhejiang","340","Ningbo","DÃ¬jÃ­shÃ¬","Prefecture City","å®æ³¢å¸‚","NÃ­ngbÅ",21.595809992638,0.831542847205124
49,"CHN","China","32","Zhejiang","341","Quzhou","DÃ¬jÃ­shÃ¬","Prefecture City","è¡¢å·žå¸‚","QÃºzhÅu",5.302540843124,0.819397222265232
49,"CHN","China","32","Zhejiang","342","Shaoxing","DÃ¬jÃ­shÃ¬","Prefecture City","ç»å…´å¸‚","ShÃ oxÄ«ng",4.98547102477336,0.741576037864449
49,"CHN","China","32","Zhejiang","343","Taizhou","DÃ¬jÃ­shÃ¬","Prefecture City","å°å·žå¸‚","TÄizhÅu",20.5257440551341,0.874436195765125
49,"CHN","China","32","Zhejiang","344","Wenzhou","DÃ¬jÃ­shÃ¬","Prefecture City","æ¸©å·žå¸‚","WÄ“nzhÅu",16.1835305049302,1.04448313334433
49,"CHN","China","32","Zhejiang","345","Zhoushan","DÃ¬jÃ­shÃ¬","Prefecture City","èˆŸå±±å¸‚","ZhÅushÄn",20.0996250616216,0.115241123152361
49,"CHN","China","4","Fujian","20","Fuzhou","DÃ¬jÃ­shÃ¬","Prefecture City","ç¦å·žå¸‚","FÃºzhÅu",23.5339835781768,1.05248028206555
49,"CHN","China","4","Fujian","21","Longyan","DÃ¬jÃ­shÃ¬","Prefecture City","é¾™å²©å¸‚","LÃ³ngyÃ¡n",8.19788702331395,1.71327682952686
49,"CHN","China","4","Fujian","22","Nanping","DÃ¬jÃ­shÃ¬","Prefecture City","å—å¹³å¸‚","NÃ¡npÃ­ng",10.1126550417842,2.40101272647732
49,"CHN","China","4","Fujian","23","Ningde","DÃ¬jÃ­shÃ¬","Prefecture City","å®å¾·å¸‚","NÃ­ngdÃ©",22.794397399029,1.20174549652439
49,"CHN","China","4","Fujian","24","Putian","DÃ¬jÃ­shÃ¬","Prefecture City","èŽ†ç”°å¸‚","PÃºtiÃ¡n",8.05321087293648,0.349988083056809
49,"CHN","China","4","Fujian","25","Quanzhou","DÃ¬jÃ­shÃ¬","Prefecture City","æ³‰å·žå¸‚","QuÃ¡nzhÅu",12.9838551466075,0.991822246258349
49,"CHN","China","4","Fujian","26","Sanming","DÃ¬jÃ­shÃ¬","Prefecture City","ä¸‰æ˜Žå¸‚","SÄnmÃ­ng",9.23745436453057,2.07437638167911
49,"CHN","China","4","Fujian","27","Xiamen","DÃ¬jÃ­shÃ¬","Prefecture City","åŽ¦é—¨å¸‚","XiÃ mÃ©n",4.27454467946243,0.136604015169702
49,"CHN","China","4","Fujian","28","Zhangzhou","DÃ¬jÃ­shÃ¬","Prefecture City","æ¼³å·žå¸‚","ZhÄngzhÅu",14.4287861779704,1.11420718701999
49,"CHN","China","5","Gansu","29","Baiyin","DÃ¬jÃ­shÃ¬","Prefecture City","ç™½é“¶å¸‚","BÃ¡iyÃ­n",8.8772370787856,2.02483253367244
49,"CHN","China","5","Gansu","30","Dingxi","DÃ¬jÃ­shÃ¬","Prefecture City","å®šè¥¿å¸‚","DÃ¬ngxÄ«",10.9175154895381,1.94676135227201
49,"CHN","China","5","Gansu","31","Gannan Tibetan","ZÃ¬zhÃ¬zhou","Autonomous Prefecture","ç”˜å—è—æ—è‡ªæ²»å·ž","GÄnnÃ¡n ZÃ ngzÃº",18.0812854184171,3.57638280800893
49,"CHN","China","5","Gansu","32","Jiayuguan","DÃ¬jÃ­shÃ¬","Prefecture City","å˜‰å³ªå…³å¸‚","JiÄyÃ¹guÄn",1.88557856264443,0.136763735630663
49,"CHN","China","5","Gansu","33","Jinchang","DÃ¬jÃ­shÃ¬","Prefecture City","é‡‘æ˜Œå¸‚","JÄ«nchÄng",4.64663383686018,0.759144355091874
49,"CHN","China","5","Gansu","34","Jiuquan","DÃ¬jÃ­shÃ¬","Prefecture City","é…’æ³‰å¸‚","JiÇ”quÃ¡n",24.7585642426986,15.4659609598019
49,"CHN","China","5","Gansu","35","Lanzhou","DÃ¬jÃ­shÃ¬","Prefecture City","å…°å·žå¸‚","LÃ¡nzhÅu",7.47330243557137,1.33235849607444
49,"CHN","China","5","Gansu","36","Linxia Hui","ZÃ¬zhÃ¬zhou","Autonomous Prefecture","ä¸´å¤å›žæ—è‡ªæ²»å·ž","LÃ­nxiÃ  HuizÃ¹",5.16559735212367,0.804023424410827
49,"CHN","China","5","Gansu","37","Longnan","DÃ¬jÃ­shÃ¬","Prefecture City","é™‡å—å¸‚","LÇ’ngnÃ¡n",12.629576797277,2.76436939061381
49,"CHN","China","5","Gansu","38","Pingliang","DÃ¬jÃ­shÃ¬","Prefecture City","å¹³å‡‰å¸‚","PÃ­ngliÃ¡ng",9.00496448862419,1.09713522977835
49,"CHN","China","5","Gansu","39","Qingyang","DÃ¬jÃ­shÃ¬","Prefecture City","åº†é˜³å¸‚","QÃ¬ngyÃ¡ng",9.93227248357985,2.72122867584403
49,"CHN","China","5","Gansu","40","Tianshui","DÃ¬jÃ­shÃ¬","Prefecture City","å¤©æ°´å¸‚","TiÄnshuÇ",7.794579877714,1.3992724952405
49,"CHN","China","5","Gansu","41","Wuwei","DÃ¬jÃ­shÃ¬","Prefecture City","æ­¦å¨å¸‚","WÇ”wÄ“i",12.9920127929982,3.36258651084787
49,"CHN","China","5","Gansu","42","Zhangye","DÃ¬jÃ­shÃ¬","Prefecture City","å¼ æŽ–å¸‚","ZhÄngyÃ¨",17.2241072194658,4.1130835366202
49,"CHN","China","6","Guangdong","43","Chaozhou","DÃ¬jÃ­shÃ¬","Prefecture City","æ½®å·žå¸‚","ChÃ¡ozhÅu",5.86899013219563,0.283951629113297
49,"CHN","China","6","Guangdong","44","Dongguan","DÃ¬jÃ­shÃ¬","Prefecture City","ä¸œèŽžå¸‚","DÅngguÇŽn",2.79465264395558,0.212934309551195
49,"CHN","China","6","Guangdong","45","Foshan","DÃ¬jÃ­shÃ¬","Prefecture City","ä½›å±±å¸‚","FÃ³shÄn",4.46438372104161,0.342003560515899
49,"CHN","China","6","Guangdong","46","Guangzhou","DÃ¬jÃ­shÃ¬","Prefecture City","å¹¿å·žå¸‚","GuÇŽngzhÅu",6.04918146845654,0.630132943741038
49,"CHN","China","6","Guangdong","47","Heyuan","DÃ¬jÃ­shÃ¬","Prefecture City","æ²³æºå¸‚","HÃ©yuÃ¡n",7.5773121986496,1.38682280894131
49,"CHN","China","6","Guangdong","48","Huizhou","DÃ¬jÃ­shÃ¬","Prefecture City","æƒ å·žå¸‚","HuÃ¬zhÅu",9.86816076349636,0.99772626179043
49,"CHN","China","6","Guangdong","49","Jiangmen","DÃ¬jÃ­shÃ¬","Prefecture City","æ±Ÿé—¨å¸‚","JiÄngmÃ©n",10.0659862040315,0.821990561758872
49,"CHN","China","6","Guangdong","50","Jieyang","DÃ¬jÃ­shÃ¬","Prefecture City","æ­é˜³å¸‚","JiÄ“yÃ¡ng",5.38047499241905,0.460988917213375
49,"CHN","China","6","Guangdong","51","Maoming","DÃ¬jÃ­shÃ¬","Prefecture City","èŒ‚åå¸‚","MÃ omÃ­ng",8.33785467140864,0.995157265286265
49,"CHN","China","6","Guangdong","52","Meizhou","DÃ¬jÃ­shÃ¬","Prefecture City","æ¢…å·žå¸‚","MÃ©izhÅu",7.35531725776567,1.4057060993655
49,"CHN","China","6","Guangdong","53","Qingyuan","DÃ¬jÃ­shÃ¬","Prefecture City","æ¸…è¿œå¸‚","QÄ«ngyuÇŽn",8.49977744624955,1.6824368132584
49,"CHN","China","6","Guangdong","54","Shantou","DÃ¬jÃ­shÃ¬","Prefecture City","æ±•å¤´å¸‚","ShÃ ntÃ³u",4.12816633114756,0.182113440627278
49,"CHN","China","6","Guangdong","55","Shanwei","DÃ¬jÃ­shÃ¬","Prefecture City","æ±•å°¾å¸‚","ShÃ nwÄ›i",7.1326361814534,0.428015690755294
49,"CHN","China","6","Guangdong","56","Shaoguan","DÃ¬jÃ­shÃ¬","Prefecture City","éŸ¶å…³å¸‚","ShÃ¡oguÄn",9.3555344842599,1.6417428341956
49,"CHN","China","6","Guangdong","57","Shenzhen","DÃ¬jÃ­shÃ¬","Prefecture City","æ·±åœ³å¸‚","ShÄ“nzhÃ¨n",5.36582030752114,0.168399337941096
49,"CHN","China","6","Guangdong","58","Yangjiang","DÃ¬jÃ­shÃ¬","Prefecture City","é˜³æ±Ÿå¸‚","YÃ¡ngjiÄng",9.31041769168455,0.683735893391722
49,"CHN","China","6","Guangdong","59","Yunfu","DÃ¬jÃ­shÃ¬","Prefecture City","äº‘æµ®å¸‚","YÃºnfÃº",5.68830126606946,0.684876390194415
49,"CHN","China","6","Guangdong","60","Zhanjiang","DÃ¬jÃ­shÃ¬","Prefecture City","æ¹›æ±Ÿå¸‚","ZhÃ njiÄng",19.2551281683776,1.09151977154396
49,"CHN","China","6","Guangdong","61","Zhaoqing","DÃ¬jÃ­shÃ¬","Prefecture City","è‚‡åº†å¸‚","ZhÃ oqÃ¬ng",6.74607351487068,1.314537655082
49,"CHN","China","6","Guangdong","62","Zhongshan","DÃ¬jÃ­shÃ¬","Prefecture City","ä¸­å±±å¸‚","ZhÅngshÄn",1.90534901033059,0.154011482794878
49,"CHN","China","6","Guangdong","63","Zhuhai","DÃ¬jÃ­shÃ¬","Prefecture City","ç æµ·å¸‚","ZhÅ«hÇŽi",9.73679033017645,0.135140836486228
49,"CHN","China","7","Guangxi","64","Baise","DÃ¬jÃ­shÃ¬","Prefecture City","ç™¾è‰²å¸‚","BÇŽisÃ¨",15.2673152858913,3.21143565515378
49,"CHN","China","7","Guangxi","65","Beihai","DÃ¬jÃ­shÃ¬","Prefecture City","åŒ—æµ·å¸‚","BÄ›ihÇŽi",6.15766641473576,0.30339379415091
49,"CHN","China","7","Guangxi","66","Chongzuo","DÃ¬jÃ­shÃ¬","Prefecture City","å´‡å·¦å¸‚","ChÃ³ngzuÇ’",7.92823778139028,1.52300677363385
49,"CHN","China","7","Guangxi","67","Fangchenggang","DÃ¬jÃ­shÃ¬","Prefecture City","é˜²åŸŽæ¸¯å¸‚","FÃ¡ngchÃ©nggÇŽng",8.563995405047,0.524480096741149
49,"CHN","China","7","Guangxi","68","Guigang","DÃ¬jÃ­shÃ¬","Prefecture City","è´µæ¸¯å¸‚","GuÃ¬gÇŽng",6.29786330874354,0.938059024563699
49,"CHN","China","7","Guangxi","69","Guilin","DÃ¬jÃ­shÃ¬","Prefecture City","æ¡‚æž—å¸‚","GuÃ¬lÃ­n",9.59495594624049,2.47122163153112
49,"CHN","China","7","Guangxi","70","Hechi","DÃ¬jÃ­shÃ¬","Prefecture City","æ²³æ± å¸‚","HÃ©chÃ­",12.268407274718,2.97920570684073
49,"CHN","China","7","Guangxi","71","Hezhou","DÃ¬jÃ­shÃ¬","Prefecture City","è´ºå·žå¸‚","HÃ¨zhÅu",7.78914258615317,1.03833565133394
49,"CHN","China","7","Guangxi","72","Laibin","DÃ¬jÃ­shÃ¬","Prefecture City","æ¥å®¾å¸‚","LÃ¡ibÄ«n",7.61666380110908,1.1662833454902
49,"CHN","China","7","Guangxi","73","Liuzhou","DÃ¬jÃ­shÃ¬","Prefecture City","æŸ³å·žå¸‚","LiÇ”zhÅu",10.3820519844064,1.68165583820524
49,"CHN","China","7","Guangxi","74","Nanning","DÃ¬jÃ­shÃ¬","Prefecture City","å—å®å¸‚","NÃ¡nnÃ­ng",9.78556135646511,1.9486964345124
49,"CHN","China","7","Guangxi","75","Qinzhou","DÃ¬jÃ­shÃ¬","Prefecture City","é’¦å·žå¸‚","QÄ«nzhÅu",9.39264012954098,0.938536011424706
49,"CHN","China","7","Guangxi","76","Wuzhou","DÃ¬jÃ­shÃ¬","Prefecture City","æ¢§å·žå¸‚","WÃºzhÅu",7.94068802479855,1.1084261524811
49,"CHN","China","7","Guangxi","77","Yulin","DÃ¬jÃ­shÃ¬","Prefecture City","çŽ‰æž—å¸‚","YÃ¹lÃ­n",7.1421800074583,1.12797037751442
49,"CHN","China","8","Guizhou","78","Anshun","DÃ¬jÃ­shÃ¬","Prefecture City","å®‰é¡ºå¸‚","Ä€nshÃ¹n",6.39171923878699,0.840211344977462
49,"CHN","China","8","Guizhou","79","Bijie","DÃ¬qu","Prefecture","æ¯•èŠ‚åœ°åŒº","BÃ¬jiÃ©",11.2850284591988,2.43800344765621
49,"CHN","China","8","Guizhou","80","Guiyang","DÃ¬jÃ­shÃ¬","Prefecture City","è´µé˜³å¸‚","GuÃ¬yÃ¡ng",5.44281758595817,0.729568591741539
49,"CHN","China","8","Guizhou","81","Liupanshui","DÃ¬jÃ­shÃ¬","Prefecture City","å…­ç›˜æ°´å¸‚","LiÃ¹pÃ¡nshuÇ",6.92744533672896,0.900147213586018
49,"CHN","China","8","Guizhou","82","Qiandongnan Miao and Dong","ZÃ¬zhÃ¬zhou","Autonomous Prefecture","é»”ä¸œå—è‹—æ—ä¾—æ—è‡ªæ²»å·ž","QiÃ¡ndÅngnÃ¡n MiÃ¡ozÃº|DÃ²ngzÃº",12.9476524194469,2.74263107858135
49,"CHN","China","8","Guizhou","83","Qiannan Buyei and Miao","ZÃ¬zhÃ¬zhou","Autonomous Prefecture","é»”å—å¸ƒä¾æ—è‹—æ—è‡ªæ²»å·ž","QiÃ¡nnÃ¡n BÃ¹yÄ«zÃº|MiÃ¡ozÃº",13.1343120605619,2.3488943354387
49,"CHN","China","8","Guizhou","84","Qianxinan Buyei and Miao","ZÃ¬zhÃ¬zhou","Autonomous Prefecture","é»”è¥¿å—å¸ƒä¾æ—è‹—æ—è‡ªæ²»å·ž","QiÃ¡nxÄ«nÃ¡n BÃ¹yÄ«zÃº|MiÃ¡ozÃº",7.9624363773261,1.50580266491306
49,"CHN","China","8","Guizhou","85","Tongren","DÃ¬qu","Prefecture","é“œä»åœ°åŒº","TÃ³ngrÃ©n",10.3057435240528,1.64537360006216
49,"CHN","China","8","Guizhou","86","Zunyi","DÃ¬jÃ­shÃ¬","Prefecture City","éµä¹‰å¸‚","ZÅ«nyÃ¬",13.6339976055443,2.82764527303517
49,"CHN","China","9","Hainan","87","Haikou","DÃ¬jÃ­shÃ¬","Prefecture City","æµ·å£å¸‚","HÇŽikÇ’u",3.12339360305118,0.193925436200513
49,"CHN","China","9","Hainan","88","Hainan","DÃ¬qu","Prefecture","æµ·å—","HÇŽinÃ¡n",17.4846150138926,2.57078687246395
49,"CHN","China","9","Hainan","89","Sanya","DÃ¬jÃ­shÃ¬","Prefecture City","ä¸‰äºšå¸‚","SÄnyÃ ",4.16228179253754,0.161223216236982
